<?xml version="1.0" encoding="UTF-8"?>
<metadata xml:lang="pt"><Esri><CreaDate>20150618</CreaDate><CreaTime>13163900</CreaTime><ArcGISFormat>1.0</ArcGISFormat><SyncOnce>TRUE</SyncOnce><DataProperties><itemProps><itemLocation><linkage Sync="TRUE">file://\\FAUSTO-PC\D\Desktop\aula_13\area_de_estudo.tif</linkage><protocol Sync="TRUE">Local Area Network</protocol></itemLocation></itemProps><copyHistory><copy source="D:\Desktop\aula_13\aula_15\area_de_estudo.tif" dest="\\FAUSTO-PC\D\Desktop\aula_13\area_de_estudo.tif" date="20160727" time="16014700"></copy></copyHistory></DataProperties></Esri></metadata>
