<?xml version="1.0" encoding="UTF-8"?>
<metadata xml:lang="pt"><Esri><CreaDate>20160727</CreaDate><CreaTime>15581900</CreaTime><ArcGISFormat>1.0</ArcGISFormat><SyncOnce>TRUE</SyncOnce><DataProperties><lineage><Process ToolSource="c:\program files (x86)\arcgis\desktop10.1\ArcToolbox\Toolboxes\3D Analyst Tools.tbx\Contour" Date="20160727" Time="152217">Contour imagem_gdem D:\Fausto\GEF111\Praticas\2013_1\aula_05\apaga3.shp 20 0 1</Process></lineage><itemProps><itemLocation><linkage Sync="TRUE">file://\\FAUSTO-PC\D\Desktop\aula_13\curvas_nivel</linkage><protocol Sync="TRUE">Local Area Network</protocol></itemLocation></itemProps><copyHistory><copy source="D:\Desktop\aula_13\aula_15\curvas_nivel" dest="\\FAUSTO-PC\D\Desktop\aula_13\curvas_nivel" date="20160727" time="16021000"></copy></copyHistory></DataProperties></Esri></metadata>
